{
  "type": "object",
  "required": [
    "username",
    "password"
  ],
  "properties": {
    "identifier": {
      "type": "string",
      "net.cnri.repository": {
        "type": {
          "autoGeneratedField": "handle"
        }
      }
    },
    "username": {
      "type": "string",
      "title": "Username",
      "net.cnri.repository": {
        "preview": {
          "showInPreview": true,
          "isPrimary": true
        },
        "auth": "username"
      }
    },
    "password": {
      "type": "string",
      "format": "password",
      "title": "Password",
      "net.cnri.repository": {
        "auth": "password"
      }
    }
  }
}