{
  "type": "object",
  "title": "Schema",
  "required": ["name", "schema", "identifier"],
  "properties": {
    "identifier": {
      "type": "string",
      "net.cnri.repository": {
        "type": {
          "autoGeneratedField": "handle"
        }
      }
    },
    "name": {
      "type": "string",
      "title": "Name",
      "net.cnri.repository": {
        "preview": {
          "showInPreview": true,
          "isPrimary": true
        }
      }
    },
    "description": {
      "type": "string",
      "format": "textarea",
      "title": "Description",
      "net.cnri.repository": {
        "preview": {
          "showInPreview": true,
          "excludeTitle": true
        }
      }
    },
    "schema": {
      "type": "object",
      "format": "json",
      "title": "Schema"
    }    
  }
}