{
  "type": "object",
  "required": [
    "groupName",
    "description"
  ],
  "properties": {
    "identifier": {
      "type": "string",
      "net.cnri.repository": {
        "type": {
          "autoGeneratedField": "handle"
        }
      }
    },
    "groupName": {
      "type": "string",
      "title": "Group Name",
      "net.cnri.repository": {
        "preview": {
          "showInPreview": true,
          "isPrimary": true
        }
      }
    },
    "description": {
      "type": "string",
      "format": "textarea",
      "maxLength": 2048,
      "title": "Description",
      "net.cnri.repository": {
        "preview": {
          "showInPreview": true,
          "excludeTitle": true
        }
      }
    },
    "users": {
      "type": "array",
      "format": "table",
      "title": "Users",
      "uniqueItems": true,
      "items": {
        "type": "string",
        "title": "User",
        "net.cnri.repository": {
          "type": {
            "handleReference": {
              "types": [
                "User"
              ]
            }
          }
        }
      },
      "net.cnri.repository": {
        "auth": "usersList"
      }
    }
  }
}