{
  "type": "object",
  "required": [
    "name",
    "description"
  ],
  "properties": {
    "identifier": {
      "type": "string",
      "net.cnri.repository": {
        "type": {
          "autoGeneratedField": "handle"
        }
      }
    },
    "name": {
      "type": "string",
      "maxLength": 128,
      "title": "Name",
      "net.cnri.repository": {
        "preview": {
          "showInPreview": true,
          "isPrimary": true
        }
      }
    },
    "description": {
      "type": "string",
      "format": "textarea",
      "maxLength": 2048,
      "title": "Description",
      "net.cnri.repository": {
        "preview": {
          "showInPreview": true,
          "excludeTitle": true
        }
      }
    }
  }
}