{
  "type": "object",
  "title": "Document",
  "properties": {
    "identifier": {
      "type": "string",
      "net.cnri.repository": {
        "type": {
          "autoGeneratedField": "handle"
        }
      }
    },
    "name": {
      "type": "string",
      "title": "Name",
      "net.cnri.repository": {
        "preview": {
          "showInPreview": true,
          "isPrimary": true
        }
      }
    },
    "description": {
      "type": "string",
      "format": "textarea",
      "title": "Description",
      "net.cnri.repository": {
        "preview": {
          "showInPreview": true,
          "excludeTitle": true
        }
      }
    },
    "creationDate": {
      "type": "string",
      "title": "Creation Date",
      "net.cnri.repository": {
        "type": {
          "autoGeneratedField": "creationDate"
        }
      }
    },
    "modificationDate": {
      "type": "string",
      "title": "Modification Date",
      "net.cnri.repository": {
        "preview": {
          "showInPreview": true
        },
        "type": {
          "autoGeneratedField": "modificationDate"
        }
      }
    },
    "createdBy": {
      "type": "string",
      "title": "Created By",
      "net.cnri.repository": {
        "type": {
          "autoGeneratedField": "createdBy"
        }
      }
    },
    "modifiedBy": {
      "type": "string",
      "title": "Modified By",
      "net.cnri.repository": {
        "type": {
          "autoGeneratedField": "modifiedBy"
        }
      }
    }
  }
}