{
  "type": "object",
  "title": "Email",
  "properties": {
    "identifier": {
      "type": "string",
      "net.cnri.repository": {
        "type": {
          "autoGeneratedField": "handle"
        }
      }
    },
    "date": {
      "type": "string",
      "title": "Date",
      "format": "date",
      "net.cnri.repository": {
        "preview": {
          "showInPreview": true
        }
      }
    },
    "subject": {
      "type": "string",
      "title": "Subject",
      "net.cnri.repository": {
        "preview": {
          "showInPreview": true,
          "isPrimary": true
        }
      }
    },
    "from": {
      "type": "string",
      "title": "From",
      "net.cnri.repository": {
        "preview": {
          "showInPreview": true
        }
      }
    },
    "to": {
      "type": "string",
      "title": "To",
      "net.cnri.repository": {
        "preview": {
          "showInPreview": true
        }
      }
    },
    "body": {
      "type": "string",
      "format": "textarea",
      "title": "Body",
      "net.cnri.repository": {
        "preview": {
          "showInPreview": true,
          "excludeTitle": true
        }
      }
    },
    "attachments": {
      "type": "array",
      "title": "Attachments",
      "format": "table",
      "items": {
        "type": "object",
        "title": "Attachment",
        "properties": {
          "name": {
            "type": "string",
            "title": "Name"
          }
        }
      }
    }
  }
}